{
  "wallet": 0.38922211724202305,
  "wnfw": 29.892858413487843
}