{
  "wallet": 0.0031812738778178584,
  "wnfw": -15.935568061967201
}